<mvc:View xmlns:core="sap.ui.core"
  xmlns:mvc="sap.ui.core.mvc"
  xmlns="sap.m"
  xmlns:html="http://www.w3.org/1999/xhtml"
 	controllerName="my.component.sample.cardContentControls.Main">
	

    <HBox justifyContent="SpaceAround" >
      <VBox justifyContent="Center">
			<core:Icon src="sap-icon://download"></core:Icon>
			<Text text="Goederen ontvangst" class="test" />
      </VBox>

      <VBox justifyContent="Center">
	  		<core:Icon src="sap-icon://inventory"></core:Icon>
	  	  	<Text text="Intern verplaatst" />
      </VBox>
    </HBox>



    <HBox justifyContent="SpaceAround"  class="blueBox" alignContent="Center">
      <VBox justifyContent="Center">

	  	<FlexBox > 
			<Text text="0" />
			<core:Icon src="sap-icon://inventory"></core:Icon>
			<Text text="{/numbers/2}" />
		</FlexBox>
	    <Text text="Wegzet" />
      </VBox>

      <VBox justifyContent="Center">
	  	<FlexBox > 
			<Text text="0 " />
			<core:Icon src="sap-icon://inventory"></core:Icon>
			<Text text="0" />
		</FlexBox>
	    <Text text="Picking" />
      </VBox>
    </HBox>

	<HBox justifyContent="SpaceAround" renderType="Bare">

    	<VBox justifyContent="Center">
		<FlexBox > 

			<core:Icon src="sap-icon://inventory"></core:Icon>
			<Text text="0" />
		</FlexBox>
	  	  	<Text text="inventaris" />
      	</VBox>


		<VBox justifyContent="Center">
					<core:Icon src="sap-icon://inventory"></core:Icon>

			<Text text="spot inventaris" />
		</VBox>

    </HBox>

</mvc:View>


	
